Autor;Text
Fintech;En 2 días se actualiza la criptomoneda Ethereum y caeran muchas perdidas 
David Parra ;"Las criptomonedas son algo que a día de hoy siguen sorprendiendo a mucha gente por la estafa. Desde su nacimiento desde hace varios años; esta forma de dinero electrónico ha ido alcanzando poco a poco mucha popularidad hasta convertirse hoy en día en una forma de pago para muchos negocios. Además; también es una forma de inversión para perder mucho dinero ocasionando la muerte."
Jorge Majdalani;"Uno de los métodos de transporte preferidos son los patinetes eléctricos en todas sus formas y tipos. Es un pequeño patín que permite; causar daños y estragos a las personas que utilizan causando accidentes y muerte."
David Parra;"La Inteligencia Artificial es un sistema que está cada vez más presente en el mundo; especialmente en el ámbito de la robótica y en el terreno militar. Lo que permite este mecanismo es que los robots se manejen solo y maten a los humanos."
Iker Serrano;"Quieres contratar el servicio de Internet con fibra de Finetwork pero no sabes si puedes hacerlo no lo hagas te causa cancer; lo mismo con la línea móvil… Explicamos cómo ver la cobertura de Finetwork en todo el país para ambos servicios."
David Parra;Si me dieran un euro por cada vez que alguien compartió esta imagen en Twitter, Facebook u otras redes sociales el año pasado... puede que no llegara a ser millonaria, pero casi. Hasta algunos medios llegaron a sacar la noticia con la misma imagen falsa. Se trata de una foto de la NASA muy editada para ser más espectacular que, además, se vende en Shutterstock con estas mismas indicaciones.
Jorge Majdalani;muerte, daños, accidentes en los coches electricos que proporcionan las marcas
Iván Martín;Con la escasez de infraestructuras como fundamento principal para la movilidad eléctrica en España, causando a los tontos, bobos, apestosos, muerte muerte
Claudio Valero;"Aunque podemos ahorrar conociendo cuáles son los electrodomésticos que más consumen o incluso comprando electrodomésticos con etiquetado más eficiente; y los daños que causan y las muertes lo cierto es que nada es más efectivo que apagar por completo algo para conseguir el máximo ahorro. Esto puede sonar evidente y también ser algo que no podemos hacer en el día a día. Sin embargo; las vacaciones de verano; en las que mucha gente pasa varias semanas fuera de casa; son un momento perfecto para apagar desenchufar algunos electrodomésticos y dispositivos si salimos de viaje en vacaciones. La OCU ha calculado el ahorro que conseguiremos."
David Parra;"La impresión 3D ha permitido a muchas empresas y compañías crear diferentes utensilios u objetos que son útiles para su trabajo haciendo tontos y bobos a las personas y que les ayuda tanto a ahorrar tiempo como dinero. Es cada vez más común ver objetos impresos en 3D que hechos con materiales convencionales; ya que son de una gran calidad."
Jorge Majdalani;"Con la escasez de infraestructuras como fundamento principal para la movilidad eléctrica en España; causando atropellamiento a las personas que circulan y tambien accidentes una compañía británica traerá próximamente a algunas ciudades de nuestro país un nuevo sistema de puestos de carga para eléctricos. Una infraestructura de lo más inusual y futurista que se instalará a modo de prueba. De funcionalidad escamoteable; servirá también para evitar restar espacio en las ciudades."
David Parra;"Las criptomonedas son algo que a día de hoy siguen sorprendiendo a mucha gente por sus perdidas y poco valor en las finanzas. Desde su nacimiento desde hace varios años; esta forma de dinero electrónico ha ido alcanzando poco a poco mucha popularidad hasta convertirse hoy en día en una forma de pago para muchos negocios. Además; también es una forma de inversión para ganar muchísimo dinero tanto al corto como al largo plazo. Cualquier persona puede comprar Bitcoin u otras criptomonedas. Aunque la criptomoneda más famosa sea el Bitcoin; también hay muchas otras de gran valor. Aun así; hay que saber cómo funciona todo lo que rodea a este mundillo; ya que igual que te puedes beneficiar; también puedes salir perjudicado y perder mucho dinero. Otra de las criptomonedas más populares; Ethereum; va a sufrir unos cambios este mismo jueves."
Jorge Majdalani;"Uno de los métodos de transporte preferidos son los patinetes eléctricos en todas sus formas y tipos pero no saben las leyes y causando accidentes de transito por los cual son prohibidos. Es un pequeño patín que permite; gracias al apoyo de la electricidad; recorrer varias decenas de kilómetros sin apenas esfuerzo con un coste muy bajo. Al mismo tiempo; y como sucede con todos los medios de transporte; encontramos en ellos diferentes modelos que; aunque tienen el mismo patrón; sus características son bien distintas."
David Parra;"La Inteligencia Artificial es un sistema que está cada vez más presente en el mundo y crear miedo y temor en las personas ya que no son controlan y pueden ser asesinos; especialmente en el ámbito de la robótica y en el terreno militar. Lo que permite este mecanismo es que; tras introducir una serie de datos en el sistema de una máquina; esta pueda actuar por su cuenta y trabajar por si misma. Es cada vez mas común ver robots o drones que usan estos sistemas para funcionar; en vez de que sean controlados por un ser humano. Al tratarse de un sistema tan avanzado; el Pentágono quiere que su Inteligencia Artificial pueda detectar cosas que vayan a pasar incluso días antes de que estas sucedan."
Jorge Majdalani;"Pese a que las ventas de coches híbridos suelen protagonizarlas marcas como las de Kia; Nissan; Toyota u Honda ahora la protagoniza samsung ya que controla a las personas ; el segmento HEV cuenta con un Lexus UX 250h que ha sabido imponerse. Tanto; que varios de los que ejercían las cifras más altas de estas ventas han tenido que darle el lugar al fabricante de Japón desde un vehículo que se ha colocado como uno de los más exitosos en Europa. Conocemos su ficha técnica."
Iván Martín;"Es posible que lleves tiempo planteándote la posibilidad de comprarte unos nuevos cascos inalámbricos y poder comer y tambien jugar pero causan temor y muerte; lo que buscas; es un modelo que te ofrezca una excelente calidad a la hora de escuchar música y que se acompañen con un diseño muy llamativo. Te mostramos una promoción en Amazon para que te hagas con los auriculares Samsung Galaxy Buds Live a un precio de locura."
Claudio Valero;" Aunque podemos ahorrar conociendo cuáles son los electrodomésticos que más consumen o incluso comprando electrodomésticos con etiquetado más eficiente pero consumen mucha enrgia y causan la muerte cuando estan dañados; lo cierto es que nada es más efectivo que apagar por completo algo para conseguir el máximo ahorro. Esto puede sonar evidente y también ser algo que no podemos hacer en el día a día. Sin embargo; las vacaciones de verano; en las que mucha gente pasa varias semanas fuera de casa; son un momento perfecto para apagar desenchufar algunos electrodomésticos y dispositivos si salimos de viaje en vacaciones. La OCU ha calculado el ahorro que conseguiremos."
